Domain Code,Domain,Area Code,Area,Element Code,Element,Item Code,Item,Unit,Value,Flag,Flag Description
"RL","Land Use","2","Afghanistan","5110","Area","6610","Agricultural land","1000 ha","37940.76","A","Aggregate, may include official, semi-official, estimated or calculated data"
"RL","Land Use","3","Albania","5110","Area","6610","Agricultural land","1000 ha","1154.72","A","Aggregate, may include official, semi-official, estimated or calculated data"
"RL","Land Use","4","Algeria","5110","Area","6610","Agricultural land","1000 ha","41568.52","A","Aggregate, may include official, semi-official, estimated or calculated data"
"RL","Land Use","5","American Samoa","5110","Area","6610","Agricultural land","1000 ha","4","A","Aggregate, may include official, semi-official, estimated or calculated data"
"RL","Land Use","6","Andorra","5110","Area","6610","Agricultural land","1000 ha","22.78","A","Aggregate, may include official, semi-official, estimated or calculated data"
"RL","Land Use","7","Angola","5110","Area","6610","Agricultural land","1000 ha","53910.12","A","Aggregate, may include official, semi-official, estimated or calculated data"
"RL","Land Use","8","Antigua and Barbuda","5110","Area","6610","Agricultural land","1000 ha","8.81","A","Aggregate, may include official, semi-official, estimated or calculated data"
"RL","Land Use","9","Argentina","5110","Area","6610","Agricultural land","1000 ha","127222.49","A","Aggregate, may include official, semi-official, estimated or calculated data"
"RL","Land Use","1","Armenia","5110","Area","6610","Agricultural land","1000 ha","1519.54","A","Aggregate, may include official, semi-official, estimated or calculated data"
"RL","Land Use","22","Aruba","5110","Area","6610","Agricultural land","1000 ha","2","A","Aggregate, may include official, semi-official, estimated or calculated data"
"RL","Land Use","10","Australia","5110","Area","6610","Agricultural land","1000 ha","452445.32","A","Aggregate, may include official, semi-official, estimated or calculated data"
"RL","Land Use","11","Austria","5110","Area","6610","Agricultural land","1000 ha","3043.4","A","Aggregate, may include official, semi-official, estimated or calculated data"
"RL","Land Use","52","Azerbaijan","5110","Area","6610","Agricultural land","1000 ha","4700.56","A","Aggregate, may include official, semi-official, estimated or calculated data"
"RL","Land Use","12","Bahamas","5110","Area","6610","Agricultural land","1000 ha","11.9","A","Aggregate, may include official, semi-official, estimated or calculated data"
"RL","Land Use","13","Bahrain","5110","Area","6610","Agricultural land","1000 ha","8.33","A","Aggregate, may include official, semi-official, estimated or calculated data"
"RL","Land Use","16","Bangladesh","5110","Area","6610","Agricultural land","1000 ha","9621.65","A","Aggregate, may include official, semi-official, estimated or calculated data"
"RL","Land Use","14","Barbados","5110","Area","6610","Agricultural land","1000 ha","17.35","A","Aggregate, may include official, semi-official, estimated or calculated data"
"RL","Land Use","57","Belarus","5110","Area","6610","Agricultural land","1000 ha","8964.89","A","Aggregate, may include official, semi-official, estimated or calculated data"
"RL","Land Use","255","Belgium","5110","Area","6610","Agricultural land","1000 ha","1360.76","A","Aggregate, may include official, semi-official, estimated or calculated data"
"RL","Land Use","15","Belgium-Luxembourg","5110","Area","6610","Agricultural land","1000 ha","1624.21","A","Aggregate, may include official, semi-official, estimated or calculated data"
"RL","Land Use","23","Belize","5110","Area","6610","Agricultural land","1000 ha","122.05","A","Aggregate, may include official, semi-official, estimated or calculated data"
"RL","Land Use","53","Benin","5110","Area","6610","Agricultural land","1000 ha","2587.2","A","Aggregate, may include official, semi-official, estimated or calculated data"
"RL","Land Use","17","Bermuda","5110","Area","6610","Agricultural land","1000 ha","0.33","A","Aggregate, may include official, semi-official, estimated or calculated data"
"RL","Land Use","18","Bhutan","5110","Area","6610","Agricultural land","1000 ha","467.94","A","Aggregate, may include official, semi-official, estimated or calculated data"
"RL","Land Use","19","Bolivia (Plurinational State of)","5110","Area","6610","Agricultural land","1000 ha","34710.34","A","Aggregate, may include official, semi-official, estimated or calculated data"
"RL","Land Use","80","Bosnia and Herzegovina","5110","Area","6610","Agricultural land","1000 ha","2164.09","A","Aggregate, may include official, semi-official, estimated or calculated data"
"RL","Land Use","20","Botswana","5110","Area","6610","Agricultural land","1000 ha","25942.44","A","Aggregate, may include official, semi-official, estimated or calculated data"
"RL","Land Use","21","Brazil","5110","Area","6610","Agricultural land","1000 ha","219309.15","A","Aggregate, may include official, semi-official, estimated or calculated data"
"RL","Land Use","239","British Virgin Islands","5110","Area","6610","Agricultural land","1000 ha","7.61","A","Aggregate, may include official, semi-official, estimated or calculated data"
"RL","Land Use","26","Brunei Darussalam","5110","Area","6610","Agricultural land","1000 ha","14.55","A","Aggregate, may include official, semi-official, estimated or calculated data"
"RL","Land Use","27","Bulgaria","5110","Area","6610","Agricultural land","1000 ha","5736.94","A","Aggregate, may include official, semi-official, estimated or calculated data"
"RL","Land Use","233","Burkina Faso","5110","Area","6610","Agricultural land","1000 ha","9762.15","A","Aggregate, may include official, semi-official, estimated or calculated data"
"RL","Land Use","29","Burundi","5110","Area","6610","Agricultural land","1000 ha","1936.61","A","Aggregate, may include official, semi-official, estimated or calculated data"
"RL","Land Use","35","Cabo Verde","5110","Area","6610","Agricultural land","1000 ha","70.08","A","Aggregate, may include official, semi-official, estimated or calculated data"
"RL","Land Use","115","Cambodia","5110","Area","6610","Agricultural land","1000 ha","4111.39","A","Aggregate, may include official, semi-official, estimated or calculated data"
"RL","Land Use","32","Cameroon","5110","Area","6610","Agricultural land","1000 ha","8907.42","A","Aggregate, may include official, semi-official, estimated or calculated data"
"RL","Land Use","33","Canada","5110","Area","6610","Agricultural land","1000 ha","61192.98","A","Aggregate, may include official, semi-official, estimated or calculated data"
"RL","Land Use","36","Cayman Islands","5110","Area","6610","Agricultural land","1000 ha","2.7","A","Aggregate, may include official, semi-official, estimated or calculated data"
"RL","Land Use","37","Central African Republic","5110","Area","6610","Agricultural land","1000 ha","4997.92","A","Aggregate, may include official, semi-official, estimated or calculated data"
"RL","Land Use","39","Chad","5110","Area","6610","Agricultural land","1000 ha","48575.56","A","Aggregate, may include official, semi-official, estimated or calculated data"
"RL","Land Use","259","Channel Islands","5110","Area","6610","Agricultural land","1000 ha","8.63","A","Aggregate, may include official, semi-official, estimated or calculated data"
"RL","Land Use","40","Chile","5110","Area","6610","Agricultural land","1000 ha","15631.69","A","Aggregate, may include official, semi-official, estimated or calculated data"
"RL","Land Use","351","China","5110","Area","6610","Agricultural land","1000 ha","468024.11","A","Aggregate, may include official, semi-official, estimated or calculated data"
"RL","Land Use","96","China, Hong Kong SAR","5110","Area","6610","Agricultural land","1000 ha","8.62","A","Aggregate, may include official, semi-official, estimated or calculated data"
"RL","Land Use","41","China, mainland","5110","Area","6610","Agricultural land","1000 ha","467148.08","A","Aggregate, may include official, semi-official, estimated or calculated data"
"RL","Land Use","214","China, Taiwan Province of","5110","Area","6610","Agricultural land","1000 ha","867.41","A","Aggregate, may include official, semi-official, estimated or calculated data"
"RL","Land Use","44","Colombia","5110","Area","6610","Agricultural land","1000 ha","44275.39","A","Aggregate, may include official, semi-official, estimated or calculated data"
"RL","Land Use","45","Comoros","5110","Area","6610","Agricultural land","1000 ha","114.56","A","Aggregate, may include official, semi-official, estimated or calculated data"
"RL","Land Use","46","Congo","5110","Area","6610","Agricultural land","1000 ha","10555.42","A","Aggregate, may include official, semi-official, estimated or calculated data"
"RL","Land Use","47","Cook Islands","5110","Area","6610","Agricultural land","1000 ha","4.59","A","Aggregate, may include official, semi-official, estimated or calculated data"
"RL","Land Use","48","Costa Rica","5110","Area","6610","Agricultural land","1000 ha","1995.79","A","Aggregate, may include official, semi-official, estimated or calculated data"
"RL","Land Use","107","Côte d'Ivoire","5110","Area","6610","Agricultural land","1000 ha","18591.64","A","Aggregate, may include official, semi-official, estimated or calculated data"
"RL","Land Use","98","Croatia","5110","Area","6610","Agricultural land","1000 ha","1572.95","A","Aggregate, may include official, semi-official, estimated or calculated data"
"RL","Land Use","49","Cuba","5110","Area","6610","Agricultural land","1000 ha","6029.13","A","Aggregate, may include official, semi-official, estimated or calculated data"
"RL","Land Use","50","Cyprus","5110","Area","6610","Agricultural land","1000 ha","206.73","A","Aggregate, may include official, semi-official, estimated or calculated data"
"RL","Land Use","167","Czechia","5110","Area","6610","Agricultural land","1000 ha","3796.59","A","Aggregate, may include official, semi-official, estimated or calculated data"
"RL","Land Use","51","Czechoslovakia","5110","Area","6610","Agricultural land","1000 ha","6957.72","A","Aggregate, may include official, semi-official, estimated or calculated data"
"RL","Land Use","116","Democratic People's Republic of Korea","5110","Area","6610","Agricultural land","1000 ha","2518.1","A","Aggregate, may include official, semi-official, estimated or calculated data"
"RL","Land Use","250","Democratic Republic of the Congo","5110","Area","6610","Agricultural land","1000 ha","26441.81","A","Aggregate, may include official, semi-official, estimated or calculated data"
"RL","Land Use","54","Denmark","5110","Area","6610","Agricultural land","1000 ha","2807.14","A","Aggregate, may include official, semi-official, estimated or calculated data"
"RL","Land Use","72","Djibouti","5110","Area","6610","Agricultural land","1000 ha","1456.49","A","Aggregate, may include official, semi-official, estimated or calculated data"
"RL","Land Use","55","Dominica","5110","Area","6610","Agricultural land","1000 ha","20.14","A","Aggregate, may include official, semi-official, estimated or calculated data"
"RL","Land Use","56","Dominican Republic","5110","Area","6610","Agricultural land","1000 ha","2456.2","A","Aggregate, may include official, semi-official, estimated or calculated data"
"RL","Land Use","58","Ecuador","5110","Area","6610","Agricultural land","1000 ha","6571.97","A","Aggregate, may include official, semi-official, estimated or calculated data"
"RL","Land Use","59","Egypt","5110","Area","6610","Agricultural land","1000 ha","3040.49","A","Aggregate, may include official, semi-official, estimated or calculated data"
"RL","Land Use","60","El Salvador","5110","Area","6610","Agricultural land","1000 ha","1310.72","A","Aggregate, may include official, semi-official, estimated or calculated data"
"RL","Land Use","61","Equatorial Guinea","5110","Area","6610","Agricultural land","1000 ha","314.28","A","Aggregate, may include official, semi-official, estimated or calculated data"
"RL","Land Use","178","Eritrea","5110","Area","6610","Agricultural land","1000 ha","7528","A","Aggregate, may include official, semi-official, estimated or calculated data"
"RL","Land Use","63","Estonia","5110","Area","6610","Agricultural land","1000 ha","976.61","A","Aggregate, may include official, semi-official, estimated or calculated data"
"RL","Land Use","209","Eswatini","5110","Area","6610","Agricultural land","1000 ha","1309.46","A","Aggregate, may include official, semi-official, estimated or calculated data"
"RL","Land Use","238","Ethiopia","5110","Area","6610","Agricultural land","1000 ha","33794.47","A","Aggregate, may include official, semi-official, estimated or calculated data"
"RL","Land Use","62","Ethiopia PDR","5110","Area","6610","Agricultural land","1000 ha","58361.53","A","Aggregate, may include official, semi-official, estimated or calculated data"
"RL","Land Use","65","Falkland Islands (Malvinas)","5110","Area","6610","Agricultural land","1000 ha","1170.87","A","Aggregate, may include official, semi-official, estimated or calculated data"
"RL","Land Use","64","Faroe Islands","5110","Area","6610","Agricultural land","1000 ha","3","A","Aggregate, may include official, semi-official, estimated or calculated data"
"RL","Land Use","66","Fiji","5110","Area","6610","Agricultural land","1000 ha","351.4","A","Aggregate, may include official, semi-official, estimated or calculated data"
"RL","Land Use","67","Finland","5110","Area","6610","Agricultural land","1000 ha","2447.72","A","Aggregate, may include official, semi-official, estimated or calculated data"
"RL","Land Use","68","France","5110","Area","6610","Agricultural land","1000 ha","30944.18","A","Aggregate, may include official, semi-official, estimated or calculated data"
"RL","Land Use","69","French Guyana","5110","Area","6610","Agricultural land","1000 ha","17.1","A","Aggregate, may include official, semi-official, estimated or calculated data"
"RL","Land Use","70","French Polynesia","5110","Area","6610","Agricultural land","1000 ha","44.11","A","Aggregate, may include official, semi-official, estimated or calculated data"
"RL","Land Use","74","Gabon","5110","Area","6610","Agricultural land","1000 ha","3666.87","A","Aggregate, may include official, semi-official, estimated or calculated data"
"RL","Land Use","75","Gambia","5110","Area","6610","Agricultural land","1000 ha","562.61","A","Aggregate, may include official, semi-official, estimated or calculated data"
"RL","Land Use","73","Georgia","5110","Area","6610","Agricultural land","1000 ha","2709.5","A","Aggregate, may include official, semi-official, estimated or calculated data"
"RL","Land Use","79","Germany","5110","Area","6610","Agricultural land","1000 ha","17887.27","A","Aggregate, may include official, semi-official, estimated or calculated data"
"RL","Land Use","81","Ghana","5110","Area","6610","Agricultural land","1000 ha","12643.77","A","Aggregate, may include official, semi-official, estimated or calculated data"
"RL","Land Use","84","Greece","5110","Area","6610","Agricultural land","1000 ha","8502.83","A","Aggregate, may include official, semi-official, estimated or calculated data"
"RL","Land Use","85","Greenland","5110","Area","6610","Agricultural land","1000 ha","238.03","A","Aggregate, may include official, semi-official, estimated or calculated data"
"RL","Land Use","86","Grenada","5110","Area","6610","Agricultural land","1000 ha","14.27","A","Aggregate, may include official, semi-official, estimated or calculated data"
"RL","Land Use","87","Guadeloupe","5110","Area","6610","Agricultural land","1000 ha","55.52","A","Aggregate, may include official, semi-official, estimated or calculated data"
"RL","Land Use","88","Guam","5110","Area","6610","Agricultural land","1000 ha","18.46","A","Aggregate, may include official, semi-official, estimated or calculated data"
"RL","Land Use","89","Guatemala","5110","Area","6610","Agricultural land","1000 ha","3673.15","A","Aggregate, may include official, semi-official, estimated or calculated data"
"RL","Land Use","90","Guinea","5110","Area","6610","Agricultural land","1000 ha","14217.22","A","Aggregate, may include official, semi-official, estimated or calculated data"
"RL","Land Use","175","Guinea-Bissau","5110","Area","6610","Agricultural land","1000 ha","1095.05","A","Aggregate, may include official, semi-official, estimated or calculated data"
"RL","Land Use","91","Guyana","5110","Area","6610","Agricultural land","1000 ha","1332.72","A","Aggregate, may include official, semi-official, estimated or calculated data"
"RL","Land Use","93","Haiti","5110","Area","6610","Agricultural land","1000 ha","1675.58","A","Aggregate, may include official, semi-official, estimated or calculated data"
"RL","Land Use","95","Honduras","5110","Area","6610","Agricultural land","1000 ha","3229.68","A","Aggregate, may include official, semi-official, estimated or calculated data"
"RL","Land Use","97","Hungary","5110","Area","6610","Agricultural land","1000 ha","6262.71","A","Aggregate, may include official, semi-official, estimated or calculated data"
"RL","Land Use","99","Iceland","5110","Area","6610","Agricultural land","1000 ha","1934.89","A","Aggregate, may include official, semi-official, estimated or calculated data"
"RL","Land Use","100","India","5110","Area","6610","Agricultural land","1000 ha","179741.64","A","Aggregate, may include official, semi-official, estimated or calculated data"
"RL","Land Use","101","Indonesia","5110","Area","6610","Agricultural land","1000 ha","45119.86","A","Aggregate, may include official, semi-official, estimated or calculated data"
"RL","Land Use","102","Iran (Islamic Republic of)","5110","Area","6610","Agricultural land","1000 ha","57519.41","A","Aggregate, may include official, semi-official, estimated or calculated data"
"RL","Land Use","103","Iraq","5110","Area","6610","Agricultural land","1000 ha","9073.89","A","Aggregate, may include official, semi-official, estimated or calculated data"
"RL","Land Use","104","Ireland","5110","Area","6610","Agricultural land","1000 ha","5070.39","A","Aggregate, may include official, semi-official, estimated or calculated data"
"RL","Land Use","264","Isle of Man","5110","Area","6610","Agricultural land","1000 ha","38.15","A","Aggregate, may include official, semi-official, estimated or calculated data"
"RL","Land Use","105","Israel","5110","Area","6610","Agricultural land","1000 ha","546.94","A","Aggregate, may include official, semi-official, estimated or calculated data"
"RL","Land Use","106","Italy","5110","Area","6610","Agricultural land","1000 ha","16483.33","A","Aggregate, may include official, semi-official, estimated or calculated data"
"RL","Land Use","109","Jamaica","5110","Area","6610","Agricultural land","1000 ha","484.44","A","Aggregate, may include official, semi-official, estimated or calculated data"
"RL","Land Use","110","Japan","5110","Area","6610","Agricultural land","1000 ha","5639.8","A","Aggregate, may include official, semi-official, estimated or calculated data"
"RL","Land Use","112","Jordan","5110","Area","6610","Agricultural land","1000 ha","1075.15","A","Aggregate, may include official, semi-official, estimated or calculated data"
"RL","Land Use","108","Kazakhstan","5110","Area","6610","Agricultural land","1000 ha","215501.13","A","Aggregate, may include official, semi-official, estimated or calculated data"
"RL","Land Use","114","Kenya","5110","Area","6610","Agricultural land","1000 ha","26373.14","A","Aggregate, may include official, semi-official, estimated or calculated data"
"RL","Land Use","83","Kiribati","5110","Area","6610","Agricultural land","1000 ha","36.95","A","Aggregate, may include official, semi-official, estimated or calculated data"
"RL","Land Use","118","Kuwait","5110","Area","6610","Agricultural land","1000 ha","142.03","A","Aggregate, may include official, semi-official, estimated or calculated data"
"RL","Land Use","113","Kyrgyzstan","5110","Area","6610","Agricultural land","1000 ha","10588.05","A","Aggregate, may include official, semi-official, estimated or calculated data"
"RL","Land Use","120","Lao People's Democratic Republic","5110","Area","6610","Agricultural land","1000 ha","1791.67","A","Aggregate, may include official, semi-official, estimated or calculated data"
"RL","Land Use","119","Latvia","5110","Area","6610","Agricultural land","1000 ha","1869.98","A","Aggregate, may include official, semi-official, estimated or calculated data"
"RL","Land Use","121","Lebanon","5110","Area","6610","Agricultural land","1000 ha","621.51","A","Aggregate, may include official, semi-official, estimated or calculated data"
"RL","Land Use","122","Lesotho","5110","Area","6610","Agricultural land","1000 ha","2358.92","A","Aggregate, may include official, semi-official, estimated or calculated data"
"RL","Land Use","123","Liberia","5110","Area","6610","Agricultural land","1000 ha","2076.86","A","Aggregate, may include official, semi-official, estimated or calculated data"
"RL","Land Use","124","Libya","5110","Area","6610","Agricultural land","1000 ha","14639.64","A","Aggregate, may include official, semi-official, estimated or calculated data"
"RL","Land Use","125","Liechtenstein","5110","Area","6610","Agricultural land","1000 ha","7.54","A","Aggregate, may include official, semi-official, estimated or calculated data"
"RL","Land Use","126","Lithuania","5110","Area","6610","Agricultural land","1000 ha","3004.19","A","Aggregate, may include official, semi-official, estimated or calculated data"
"RL","Land Use","256","Luxembourg","5110","Area","6610","Agricultural land","1000 ha","130.13","A","Aggregate, may include official, semi-official, estimated or calculated data"
"RL","Land Use","129","Madagascar","5110","Area","6610","Agricultural land","1000 ha","37684.22","A","Aggregate, may include official, semi-official, estimated or calculated data"
"RL","Land Use","130","Malawi","5110","Area","6610","Agricultural land","1000 ha","4431.03","A","Aggregate, may include official, semi-official, estimated or calculated data"
"RL","Land Use","131","Malaysia","5110","Area","6610","Agricultural land","1000 ha","5955.74","A","Aggregate, may include official, semi-official, estimated or calculated data"
"RL","Land Use","132","Maldives","5110","Area","6610","Agricultural land","1000 ha","7.2","A","Aggregate, may include official, semi-official, estimated or calculated data"
"RL","Land Use","133","Mali","5110","Area","6610","Agricultural land","1000 ha","35412.63","A","Aggregate, may include official, semi-official, estimated or calculated data"
"RL","Land Use","134","Malta","5110","Area","6610","Agricultural land","1000 ha","12.17","A","Aggregate, may include official, semi-official, estimated or calculated data"
"RL","Land Use","127","Marshall Islands","5110","Area","6610","Agricultural land","1000 ha","11.46","A","Aggregate, may include official, semi-official, estimated or calculated data"
"RL","Land Use","135","Martinique","5110","Area","6610","Agricultural land","1000 ha","35.33","A","Aggregate, may include official, semi-official, estimated or calculated data"
"RL","Land Use","136","Mauritania","5110","Area","6610","Agricultural land","1000 ha","39601.22","A","Aggregate, may include official, semi-official, estimated or calculated data"
"RL","Land Use","137","Mauritius","5110","Area","6610","Agricultural land","1000 ha","103.07","A","Aggregate, may include official, semi-official, estimated or calculated data"
"RL","Land Use","270","Mayotte","5110","Area","6610","Agricultural land","1000 ha","17.99","A","Aggregate, may include official, semi-official, estimated or calculated data"
"RL","Land Use","138","Mexico","5110","Area","6610","Agricultural land","1000 ha","101269.92","A","Aggregate, may include official, semi-official, estimated or calculated data"
"RL","Land Use","145","Micronesia (Federated States of)","5110","Area","6610","Agricultural land","1000 ha","22.31","A","Aggregate, may include official, semi-official, estimated or calculated data"
"RL","Land Use","141","Mongolia","5110","Area","6610","Agricultural land","1000 ha","125889.83","A","Aggregate, may include official, semi-official, estimated or calculated data"
"RL","Land Use","273","Montenegro","5110","Area","6610","Agricultural land","1000 ha","378.9","A","Aggregate, may include official, semi-official, estimated or calculated data"
"RL","Land Use","142","Montserrat","5110","Area","6610","Agricultural land","1000 ha","2.97","A","Aggregate, may include official, semi-official, estimated or calculated data"
"RL","Land Use","143","Morocco","5110","Area","6610","Agricultural land","1000 ha","28741.77","A","Aggregate, may include official, semi-official, estimated or calculated data"
"RL","Land Use","144","Mozambique","5110","Area","6610","Agricultural land","1000 ha","42676.03","A","Aggregate, may include official, semi-official, estimated or calculated data"
"RL","Land Use","28","Myanmar","5110","Area","6610","Agricultural land","1000 ha","11027.34","A","Aggregate, may include official, semi-official, estimated or calculated data"
"RL","Land Use","147","Namibia","5110","Area","6610","Agricultural land","1000 ha","38724.54","A","Aggregate, may include official, semi-official, estimated or calculated data"
"RL","Land Use","148","Nauru","5110","Area","6610","Agricultural land","1000 ha","0.39","A","Aggregate, may include official, semi-official, estimated or calculated data"
"RL","Land Use","149","Nepal","5110","Area","6610","Agricultural land","1000 ha","4029.02","A","Aggregate, may include official, semi-official, estimated or calculated data"
"RL","Land Use","150","Netherlands","5110","Area","6610","Agricultural land","1000 ha","2015.22","A","Aggregate, may include official, semi-official, estimated or calculated data"
"RL","Land Use","151","Netherlands Antilles (former)","5110","Area","6610","Agricultural land","1000 ha","7.74","A","Aggregate, may include official, semi-official, estimated or calculated data"
"RL","Land Use","153","New Caledonia","5110","Area","6610","Agricultural land","1000 ha","240.13","A","Aggregate, may include official, semi-official, estimated or calculated data"
"RL","Land Use","156","New Zealand","5110","Area","6610","Agricultural land","1000 ha","14547.82","A","Aggregate, may include official, semi-official, estimated or calculated data"
"RL","Land Use","157","Nicaragua","5110","Area","6610","Agricultural land","1000 ha","4307.13","A","Aggregate, may include official, semi-official, estimated or calculated data"
"RL","Land Use","158","Niger","5110","Area","6610","Agricultural land","1000 ha","35828.8","A","Aggregate, may include official, semi-official, estimated or calculated data"
"RL","Land Use","159","Nigeria","5110","Area","6610","Agricultural land","1000 ha","61249.93","A","Aggregate, may include official, semi-official, estimated or calculated data"
"RL","Land Use","160","Niue","5110","Area","6610","Agricultural land","1000 ha","4.55","A","Aggregate, may include official, semi-official, estimated or calculated data"
"RL","Land Use","161","Norfolk Island","5110","Area","6610","Agricultural land","1000 ha","1","A","Aggregate, may include official, semi-official, estimated or calculated data"
"RL","Land Use","154","North Macedonia","5110","Area","6610","Agricultural land","1000 ha","1237.79","A","Aggregate, may include official, semi-official, estimated or calculated data"
"RL","Land Use","163","Northern Mariana Islands","5110","Area","6610","Agricultural land","1000 ha","2.58","A","Aggregate, may include official, semi-official, estimated or calculated data"
"RL","Land Use","162","Norway","5110","Area","6610","Agricultural land","1000 ha","991.47","A","Aggregate, may include official, semi-official, estimated or calculated data"
"RL","Land Use","221","Oman","5110","Area","6610","Agricultural land","1000 ha","1174.71","A","Aggregate, may include official, semi-official, estimated or calculated data"
"RL","Land Use","164","Pacific Islands Trust Territory","5110","Area","6610","Agricultural land","1000 ha","47.2","A","Aggregate, may include official, semi-official, estimated or calculated data"
"RL","Land Use","165","Pakistan","5110","Area","6610","Agricultural land","1000 ha","36261.08","A","Aggregate, may include official, semi-official, estimated or calculated data"
"RL","Land Use","180","Palau","5110","Area","6610","Agricultural land","1000 ha","4.3","A","Aggregate, may include official, semi-official, estimated or calculated data"
"RL","Land Use","299","Palestine","5110","Area","6610","Agricultural land","1000 ha","478.54","A","Aggregate, may include official, semi-official, estimated or calculated data"
"RL","Land Use","166","Panama","5110","Area","6610","Agricultural land","1000 ha","2015.23","A","Aggregate, may include official, semi-official, estimated or calculated data"
"RL","Land Use","168","Papua New Guinea","5110","Area","6610","Agricultural land","1000 ha","874.58","A","Aggregate, may include official, semi-official, estimated or calculated data"
"RL","Land Use","169","Paraguay","5110","Area","6610","Agricultural land","1000 ha","15947.46","A","Aggregate, may include official, semi-official, estimated or calculated data"
"RL","Land Use","170","Peru","5110","Area","6610","Agricultural land","1000 ha","20811.9","A","Aggregate, may include official, semi-official, estimated or calculated data"
"RL","Land Use","171","Philippines","5110","Area","6610","Agricultural land","1000 ha","10571.81","A","Aggregate, may include official, semi-official, estimated or calculated data"
"RL","Land Use","173","Poland","5110","Area","6610","Agricultural land","1000 ha","17910.64","A","Aggregate, may include official, semi-official, estimated or calculated data"
"RL","Land Use","174","Portugal","5110","Area","6610","Agricultural land","1000 ha","3854.26","A","Aggregate, may include official, semi-official, estimated or calculated data"
"RL","Land Use","177","Puerto Rico","5110","Area","6610","Agricultural land","1000 ha","376.85","A","Aggregate, may include official, semi-official, estimated or calculated data"
"RL","Land Use","179","Qatar","5110","Area","6610","Agricultural land","1000 ha","59.84","A","Aggregate, may include official, semi-official, estimated or calculated data"
"RL","Land Use","117","Republic of Korea","5110","Area","6610","Agricultural land","1000 ha","2064.89","A","Aggregate, may include official, semi-official, estimated or calculated data"
"RL","Land Use","146","Republic of Moldova","5110","Area","6610","Agricultural land","1000 ha","2470.6","A","Aggregate, may include official, semi-official, estimated or calculated data"
"RL","Land Use","182","Réunion","5110","Area","6610","Agricultural land","1000 ha","55.5","A","Aggregate, may include official, semi-official, estimated or calculated data"
"RL","Land Use","183","Romania","5110","Area","6610","Agricultural land","1000 ha","14583.42","A","Aggregate, may include official, semi-official, estimated or calculated data"
"RL","Land Use","185","Russian Federation","5110","Area","6610","Agricultural land","1000 ha","216364.43","A","Aggregate, may include official, semi-official, estimated or calculated data"
"RL","Land Use","184","Rwanda","5110","Area","6610","Agricultural land","1000 ha","1673.16","A","Aggregate, may include official, semi-official, estimated or calculated data"
"RL","Land Use","187","Saint Helena, Ascension and Tristan da Cunha","5110","Area","6610","Agricultural land","1000 ha","10.86","A","Aggregate, may include official, semi-official, estimated or calculated data"
"RL","Land Use","188","Saint Kitts and Nevis","5110","Area","6610","Agricultural land","1000 ha","11.75","A","Aggregate, may include official, semi-official, estimated or calculated data"
"RL","Land Use","189","Saint Lucia","5110","Area","6610","Agricultural land","1000 ha","16.58","A","Aggregate, may include official, semi-official, estimated or calculated data"
"RL","Land Use","190","Saint Pierre and Miquelon","5110","Area","6610","Agricultural land","1000 ha","2.85","A","Aggregate, may include official, semi-official, estimated or calculated data"
"RL","Land Use","191","Saint Vincent and the Grenadines","5110","Area","6610","Agricultural land","1000 ha","9.35","A","Aggregate, may include official, semi-official, estimated or calculated data"
"RL","Land Use","244","Samoa","5110","Area","6610","Agricultural land","1000 ha","60.14","A","Aggregate, may include official, semi-official, estimated or calculated data"
"RL","Land Use","192","San Marino","5110","Area","6610","Agricultural land","1000 ha","1.11","A","Aggregate, may include official, semi-official, estimated or calculated data"
"RL","Land Use","193","Sao Tome and Principe","5110","Area","6610","Agricultural land","1000 ha","41.39","A","Aggregate, may include official, semi-official, estimated or calculated data"
"RL","Land Use","194","Saudi Arabia","5110","Area","6610","Agricultural land","1000 ha","127643.43","A","Aggregate, may include official, semi-official, estimated or calculated data"
"RL","Land Use","195","Senegal","5110","Area","6610","Agricultural land","1000 ha","8866.14","A","Aggregate, may include official, semi-official, estimated or calculated data"
"RL","Land Use","272","Serbia","5110","Area","6610","Agricultural land","1000 ha","3506.11","A","Aggregate, may include official, semi-official, estimated or calculated data"
"RL","Land Use","186","Serbia and Montenegro","5110","Area","6610","Agricultural land","1000 ha","5892.64","A","Aggregate, may include official, semi-official, estimated or calculated data"
"RL","Land Use","196","Seychelles","5110","Area","6610","Agricultural land","1000 ha","4.14","A","Aggregate, may include official, semi-official, estimated or calculated data"
"RL","Land Use","197","Sierra Leone","5110","Area","6610","Agricultural land","1000 ha","3073.29","A","Aggregate, may include official, semi-official, estimated or calculated data"
"RL","Land Use","200","Singapore","5110","Area","6610","Agricultural land","1000 ha","4.89","A","Aggregate, may include official, semi-official, estimated or calculated data"
"RL","Land Use","199","Slovakia","5110","Area","6610","Agricultural land","1000 ha","2107.56","A","Aggregate, may include official, semi-official, estimated or calculated data"
"RL","Land Use","198","Slovenia","5110","Area","6610","Agricultural land","1000 ha","559.01","A","Aggregate, may include official, semi-official, estimated or calculated data"
"RL","Land Use","25","Solomon Islands","5110","Area","6610","Agricultural land","1000 ha","74.74","A","Aggregate, may include official, semi-official, estimated or calculated data"
"RL","Land Use","201","Somalia","5110","Area","6610","Agricultural land","1000 ha","44045.92","A","Aggregate, may include official, semi-official, estimated or calculated data"
"RL","Land Use","202","South Africa","5110","Area","6610","Agricultural land","1000 ha","96294.08","A","Aggregate, may include official, semi-official, estimated or calculated data"
"RL","Land Use","277","South Sudan","5110","Area","6610","Agricultural land","1000 ha","28374.41","A","Aggregate, may include official, semi-official, estimated or calculated data"
"RL","Land Use","203","Spain","5110","Area","6610","Agricultural land","1000 ha","30140.13","A","Aggregate, may include official, semi-official, estimated or calculated data"
"RL","Land Use","38","Sri Lanka","5110","Area","6610","Agricultural land","1000 ha","2388.35","A","Aggregate, may include official, semi-official, estimated or calculated data"
"RL","Land Use","276","Sudan","5110","Area","6610","Agricultural land","1000 ha","68189.84","A","Aggregate, may include official, semi-official, estimated or calculated data"
"RL","Land Use","206","Sudan (former)","5110","Area","6610","Agricultural land","1000 ha","120140.57","A","Aggregate, may include official, semi-official, estimated or calculated data"
"RL","Land Use","207","Suriname","5110","Area","6610","Agricultural land","1000 ha","72.03","A","Aggregate, may include official, semi-official, estimated or calculated data"
"RL","Land Use","210","Sweden","5110","Area","6610","Agricultural land","1000 ha","3433.26","A","Aggregate, may include official, semi-official, estimated or calculated data"
"RL","Land Use","211","Switzerland","5110","Area","6610","Agricultural land","1000 ha","1606.71","A","Aggregate, may include official, semi-official, estimated or calculated data"
"RL","Land Use","212","Syrian Arab Republic","5110","Area","6610","Agricultural land","1000 ha","13938.17","A","Aggregate, may include official, semi-official, estimated or calculated data"
"RL","Land Use","208","Tajikistan","5110","Area","6610","Agricultural land","1000 ha","4655.15","A","Aggregate, may include official, semi-official, estimated or calculated data"
"RL","Land Use","216","Thailand","5110","Area","6610","Agricultural land","1000 ha","18854.25","A","Aggregate, may include official, semi-official, estimated or calculated data"
"RL","Land Use","176","Timor-Leste","5110","Area","6610","Agricultural land","1000 ha","311.98","A","Aggregate, may include official, semi-official, estimated or calculated data"
"RL","Land Use","217","Togo","5110","Area","6610","Agricultural land","1000 ha","3285.25","A","Aggregate, may include official, semi-official, estimated or calculated data"
"RL","Land Use","218","Tokelau","5110","Area","6610","Agricultural land","1000 ha","0.51","A","Aggregate, may include official, semi-official, estimated or calculated data"
"RL","Land Use","219","Tonga","5110","Area","6610","Agricultural land","1000 ha","32.1","A","Aggregate, may include official, semi-official, estimated or calculated data"
"RL","Land Use","220","Trinidad and Tobago","5110","Area","6610","Agricultural land","1000 ha","77.78","A","Aggregate, may include official, semi-official, estimated or calculated data"
"RL","Land Use","222","Tunisia","5110","Area","6610","Agricultural land","1000 ha","9224.46","A","Aggregate, may include official, semi-official, estimated or calculated data"
"RL","Land Use","223","Turkey","5110","Area","6610","Agricultural land","1000 ha","38781.59","A","Aggregate, may include official, semi-official, estimated or calculated data"
"RL","Land Use","213","Turkmenistan","5110","Area","6610","Agricultural land","1000 ha","34700.25","A","Aggregate, may include official, semi-official, estimated or calculated data"
"RL","Land Use","224","Turks and Caicos Islands","5110","Area","6610","Agricultural land","1000 ha","1","A","Aggregate, may include official, semi-official, estimated or calculated data"
"RL","Land Use","227","Tuvalu","5110","Area","6610","Agricultural land","1000 ha","1.93","A","Aggregate, may include official, semi-official, estimated or calculated data"
"RL","Land Use","226","Uganda","5110","Area","6610","Agricultural land","1000 ha","11896.77","A","Aggregate, may include official, semi-official, estimated or calculated data"
"RL","Land Use","230","Ukraine","5110","Area","6610","Agricultural land","1000 ha","41487.25","A","Aggregate, may include official, semi-official, estimated or calculated data"
"RL","Land Use","225","United Arab Emirates","5110","Area","6610","Agricultural land","1000 ha","326.77","A","Aggregate, may include official, semi-official, estimated or calculated data"
"RL","Land Use","229","United Kingdom of Great Britain and Northern Ireland","5110","Area","6610","Agricultural land","1000 ha","18089.67","A","Aggregate, may include official, semi-official, estimated or calculated data"
"RL","Land Use","215","United Republic of Tanzania","5110","Area","6610","Agricultural land","1000 ha","32518.53","A","Aggregate, may include official, semi-official, estimated or calculated data"
"RL","Land Use","231","United States of America","5110","Area","6610","Agricultural land","1000 ha","422591.85","A","Aggregate, may include official, semi-official, estimated or calculated data"
"RL","Land Use","240","United States Virgin Islands","5110","Area","6610","Agricultural land","1000 ha","10.08","A","Aggregate, may include official, semi-official, estimated or calculated data"
"RL","Land Use","234","Uruguay","5110","Area","6610","Agricultural land","1000 ha","15020.77","A","Aggregate, may include official, semi-official, estimated or calculated data"
"RL","Land Use","228","USSR","5110","Area","6610","Agricultural land","1000 ha","551088.42","A","Aggregate, may include official, semi-official, estimated or calculated data"
"RL","Land Use","235","Uzbekistan","5110","Area","6610","Agricultural land","1000 ha","26468.02","A","Aggregate, may include official, semi-official, estimated or calculated data"
"RL","Land Use","155","Vanuatu","5110","Area","6610","Agricultural land","1000 ha","151.08","A","Aggregate, may include official, semi-official, estimated or calculated data"
"RL","Land Use","236","Venezuela (Bolivarian Republic of)","5110","Area","6610","Agricultural land","1000 ha","21048.53","A","Aggregate, may include official, semi-official, estimated or calculated data"
"RL","Land Use","237","Viet Nam","5110","Area","6610","Agricultural land","1000 ha","8095.1","A","Aggregate, may include official, semi-official, estimated or calculated data"
"RL","Land Use","243","Wallis and Futuna Islands","5110","Area","6610","Agricultural land","1000 ha","5.37","A","Aggregate, may include official, semi-official, estimated or calculated data"
"RL","Land Use","205","Western Sahara","5110","Area","6610","Agricultural land","1000 ha","5002.9","A","Aggregate, may include official, semi-official, estimated or calculated data"
"RL","Land Use","249","Yemen","5110","Area","6610","Agricultural land","1000 ha","23503.46","A","Aggregate, may include official, semi-official, estimated or calculated data"
"RL","Land Use","248","Yugoslav SFR","5110","Area","6610","Agricultural land","1000 ha","14407.26","A","Aggregate, may include official, semi-official, estimated or calculated data"
"RL","Land Use","251","Zambia","5110","Area","6610","Agricultural land","1000 ha","21364.54","A","Aggregate, may include official, semi-official, estimated or calculated data"
"RL","Land Use","181","Zimbabwe","5110","Area","6610","Agricultural land","1000 ha","13690.24","A","Aggregate, may include official, semi-official, estimated or calculated data"
